Condition,Count,Prevalence
MENTAL ILLNESS,838,0.29097222222222224
EPILEPSY,663,0.23020833333333332
REFLUX DISORDERS,650,0.22569444444444445
CHRONIC AIRWAY DISEASES,566,0.19652777777777777
THYROID DISORDERS,459,0.159375
CHRONIC PAIN CONDITIONS,410,0.1423611111111111
ANAEMIA,382,0.1326388888888889
INSOMNIA,356,0.12361111111111112
IBD,279,0.096875
DIABETES,227,0.07881944444444444
CEREBRAL PALSY,222,0.07708333333333334
NEUROPATHIC PAIN,213,0.07395833333333333
DYSPHAGIA,192,0.06666666666666667
